Id,Addr1,Addr2,Blurb,City,Client_Id,Created,Email,Freetxt,Name,State,Tel,Url,Zip
1,Rt. 22 West,Yes,"Britland Auto Body is a collision repair shop striving to have the highest quality repairs at competitive prices for customers. They have highly qualified collision repair technicians employed to perform the complex structural, mechanical, body, and refinishing work required to meet the industry repair quality standards. Britland Auto Body encourages you to stop in or get in touch with one of their representatives to make an appointment to get your vehicle back on the road. Britland Auto Body is licensed by the State of New Jersey to perform auto body and collision repairs. State License #00533A.",Green Brook,123,,,"<div class='boxheader'>
 Britland Auto Body
</div> 
<div class='box'>
226 U.S. Hwy. 22 <br>
Green Brook, NJ 08812<br>
(732) 752-5522<br>
<a href='http://www.britlandautobody.com/' target='_blank'>www.britlandautobody.com</a><Br>    
Hours: Monday- Sat. hours 7:30 am?5:30 pm, Closed on Sundays
</div>",Britland Auto Body,NJ,(732)752-5522,www.britlandautobody.com,08812
2,27 Mountain Blvd Suite 4,Yes,Chiropractic Center of Warren specializes in lower back disc injuries as well as all kinds of overuse and sports related injuries. Dr. Maffei has post-graduate training in the treatment of sports injuries and rehabilitation as well as treatment of lumbar disc disorders. He is always adding new state-of-the-art therapies to the practice in order to stay current in an environment where technology is constantly improving.,Warren,127,,,"<div class=""boxheader"">
Chiropractic Center of Warren
</div>
<div class=""box"">
Dr. Steven M. Maffei<br>
27 Mountain Blvd Suite 4<br> Warren, NJ 07059<br>
(908)753-2322<br>
<a href=""http://www.chiroofwarren.com"" target=""_blank"">www.chiroofwarren.com</a><br>
Hours:  Mon: 9:00 am - 7:00 pm, <br>Tue: 3:30 pm - 7:30 pm, Wed: 9:00 am - 7:00 pm,<br> Fri: 9:00 am - 7:00 pm
</div>",Chiropractic Center of Warren,NJ,(908)753-2322,www.chiroofwarren.com,07059
3,30-32 Coddington Ave.,Yes,"My staff and I believe that...
?The life of a dance teacher goes far beyond just teaching dance. You give every student you teach a part of you.<br>
The students carry what you have taught them and the values you have instilled in them forever. How wonderful it is to know that part of you will live on through your dance students, just because you love to dance and had passion to teach.? -Kimberli MacConnell, Owner/Director",North Plainfield,129,,,"<div class='boxheader'>Miss Kim's School of Dance</div>
<div class='box'>
Kimberli MacConnell<br>
30 Coddington Ave.<br>
North Plainfield, NJ 07060<br>
(908) 756-5972
</div>",Miss Kim's School of Dance,NJ,(908)756-5972,,07060
4,"163 Washington Valley Road, Suite 201",No,"Dr. Deschenes and his staff care about your total health picture and pledge to work with you to improve your health and help you stay well. The state of your mouth affects the entire profile of your health. He specializes in Preventative Dentistry, Restorative Services, Cosmetic Dentistry, Sleep Disorders, Implant Restoration, Root Canal and Bruxism Devices. Their office has a friendly, relaxed atmosphere that features a caring knowledgeable staff and state of the art equipment. Call today for your appointment!",Warren,131,,,,"Peter J. Deschenes, DDS",NJ,(732)271-1818,,07059
5,10 Mountain Blvd. Suite A1,Yes,"The Warren Smile Center provides full service Cosmetic and Implant Dentistry.  Whether your smile may benefit from tooth whitening, Invisalign?, or porcelain veneers, Warren Smile Center offers a comprehensive range of cosmetic services to enhance the appearance of your smile and the impact of your first impression. Services include general dentistry, implant & restorative dentistry, cosmetic dentistry, pediatric dentistry, periodontal treatment, and oral surgery provided by a specialist under IV sedation.",Warren,132,,,"<div class='boxheader'>Warren Smile Center</div> <div class='box'>Susanna Kayserman, DDS<br>10 Mountain Blvd. Suite A1<br> Warren, NJ 07059<br>(908)753-0003<br><a href='http://www.warrensmilecenter.com' target='_blank'>www.warrensmilecenter.com</a></div>",Warren Smile Center,NJ,(908)753-0003,www.warrensmilecenter.com,07059
6,65 Mountain Blvd. Ext. Suite 106,No,"Warren Oral Surgeon, Dr. James McMenamin, specializes in Oral and Maxillofacial Surgery. The dental practice is devoted to restoring and enhancing the natural beauty of your smile using conservative, state-of-the-art procedures that will result in beautiful, long lasting smiles! The team has been serving their surrounding communities for over 23 years.",Warren,133,,,,"Dr. McMenamin, Oral and Maxillofacial Surgeon",NJ,(732)356-1414,www.drmcmenaminoralsurgery.com,07059
7,31 Mountain Blvd. Suite T,Yes,"At Warren Oral Surgery, we are committed to providing our patients with the highest quality oral surgical care in a comfortable and friendly environment.  Our compassionate oral surgeons, Dr. Daniel Sullivan, Dr. Sanjeet Chaudhary and Dr. Shawn Lynn offer treatment for dental implants, wisdom teeth removal, routine extractions and more.",Warren,134,,,"<div class='boxheader'>Warren Oral Surgery</div>
<div class='box'>
31 Mountain Blvd. Suite T<br>
Warren, NJ 07059<br>
(732) 415 - 4295<br>
<a href='http://www.warrenoralsurgery.com' target='_blank'>www.warrenoralsurgery.com</a><br>
Hours: Monday ? Friday 8:00am to 5:00pm, <br>Saturday 8:00am to 12:00pm
</div>",Warren Oral Surgery,NJ,(732)415-4295,www.warrenoralsurgery.com,07059
8,977 Valley Road,Yes,"Angel Tips Nail Spa offers clients the highest quality nail, waxing, massage, spray tan, and facial services in a hygienic atmosphere. Their highly experienced technicians offer an array of services catered to your specific needs at an affordable price. They are equipped with the latest sanitation systems, including HEPA air purifiers, medical-grade autoclave sterilizers, and personal nail kits.",Gillette,144,,,"<div class=""boxheader"">
Angel Tips
</div>
<div class=""box"">
977 Valley Road<br> Gillette, NJ 07933<br>
Phone:(908)580-1080, Fax:(908)580-1095<br>
<a href=""http://www.angeltips.com/gillette"" target=""_blank"">www.angeltips.com/gillette</a><br>
Hours: Mon. ? Sat. 9:30 am ? 7:00 pm, Sun. 10:00 am ? 6:00 pm
</div>",Angel Tips,NJ,Phone:(908)580-1080,www.angeltips.com/gillette,07933
9,28 Johnston Dr.,Yes,"YY Beauty Spa is the ideal place to go for those wishing to rejuvenate and restore their skin through a variety of services that include facials, massages, hair removal and much more. They use the latest technology, techniques, and quality products to maximize the overall effectiveness of the service and to provide you with a better experience.",Watchung,145,,,"<div class='boxheader'>YY Beauty Day Spa</div>
<div class='box'>
28 Johnston Dr.<br>
Watchung, NJ 07069<br>
Phone: (908)756-3502<br>
<a href='http://www.skinstation.com' target='_blank'>www.skinstation.com</a><br>
Open 7 Days 9:30am-8pm
</div>",YY Beauty,NJ,Phone: (908)756-3502,www.skinstation.com,07069
10,27 Mountain Boulevard Suite 8,Yes,"United Acupuncture Health Center can help you reduce your pain and stress. Their office provides high quality care in all aspects of acupuncture and Chinese herbal medicine to help their clients mentally and physically, guiding them towards better health. United Acupuncture Health Center accepts most major insurance companies.",Warren,149,,,"<div class=""boxheader"">
United Acupuncture Health Center
</div>
<div class=""box"">
Crosspointe<br>
27 Mountain Boulevard Suite 8<br> Warren , NJ 07059<br>
(908)756-1538<br>
Hours: Mon-Fri 10 am-7 pm, Sat 9am-1 pm
</div>",United Acupuncture Health Center,NJ,(908)756-1538,,07059
11,61A Mountain Blvd.,Yes,"The Warrenville Paint Hardware and Benjamin Moore of Warren offers painting supplies and accessories, including brushes, rollers, and paints. Their store professionals are highly educated and trained to provide helpful advice ensuring the success of your project. The store has an array of superior quality products including premium Benjamin Moore coatings, Weber Grills, name-brand power tools, plumbing and electrical supplies, and house wares too.",Warren,154,,,"<div class='boxheader'>Warrenville Paint and Hardware</div>
<div class='box'>
61A Mountain Blvd.<br>
Warren, NJ 07059<br>
(908)757-9100<br>
<a href='http://www.warrenvillehardware.com' target='_blank'>www.warrenvillehardware.com</a><br>
Hours: Mon - Fri: 7:30 am - 5:30 pm, <br>Sat: 7:30 am - 5:00 pm, Sun: 9:00 am - 2:00 pm
</div>",Warrenville Paint and Hardware,NJ,(908)757-9100,www.warrenvillehardware.com,07059
12,297 Springfield Ave.,No,"Window Tailors Custom Window Treatments specializes in custom window treatments, plantation shutters, blinds, shades, bed ensembles, balloon, and Roman shades and wall coverings. They pride themselves on their ability to create and tailor the design that suits your window needs.  They have been in business for more than 25 years and are staffed by dedicated professionals who provide personalized service when going through their wide selection of quality products.",Berkeley Heights,155,,,,Window Tailors Custom Window Treatments,NJ,(908)464-0644,www.windowtailors.net,07922
13,95 Mount Bethel Road,Yes,"The Hess Group is an insurance company under the Chubb Group umbrella specializing in Auto, Disability, Homeowners', Liability, Life, and Property insurance. They offer life, homeowners', automobile, boat, Worker's Compensation, disability and energy system policies, among others. The family owned and operated business, headed by Louis J. Hess, also offer IRA's, pension plans, and mutual funds.",Warren,156,,,"<div class='boxheader'>The Hess Group</div>
<div class='box'>
95 Mount Bethel Road<br>
Warren, NJ 07059<br>
(908)561-0500<br>
<a href='http://www.hessgroup.net' target='_blank'>www.hessgroup.net</a><br>
Hours: Mon - Fri, 9am - 5pm; Sat, Sun, closed
</div>",The Hess Group,NJ,(908)561-0500,www.hessgroup.net,07059
14,,Yes,"D'avella Landscaping, a fully service landscaping company, has been providing maintenance, design, and installation for residential and commercial locations since 1975. D'avella Landscaping offers free estimates and is fully insured. They are also licensed N.J. Presisticide Applicators!",,160,,,"<div class=""boxheader"">
D'avella Landscaping 
</div>
<div class=""box"">
Warren, NJ 07059<br>
(908)222-1106
</div>",D'avella Landscaping,NJ,,,07059
15,,Yes,"Diaz Landscaping Design & Tree Service, LLC Inc. performs jobs for residential, commercial, and industrial properties. They specialize in tree removal, tree pruning, cabling, stump grinding, lot clearing, sprinkler systems, and all types of landscaping including planting, lawn work, and walkways. Their services are always prompt, professional, and friendly.",,161,,,"<div class=""boxheader"">
Diaz Landscape Design 
</div>
<div class=""box"">
(732)424-8111,(908)413-2769<br>
<a href=""http://www.diaztree.com"" target=""_blank"">www.diaztree.com</a>
</div>",Diaz Landscape Design,,,,
16,,Yes,"J&M Landscape Design has been serving residents and businesses in primarily Union, Somerset, Middlesex, and Morris counties since 1978. They pride themselves on their attention to detail and customer service, whether working on a complex design and complete property makeover, or a small design job or weekly property maintenance. They offer a complete line of landscape and construction services and have years of experience working across residential, commercial, and municipal accounts.",,162,,,"<div class=""boxheader"">
J&amp;M Landscape Design
</div>
<div class=""box"">
(908)232-1171<br>
<a href=""http://www.JMlandscapingconstruction.com"" target=""_blank"">www.JMlandscapingconstruction.com</a>
</div>",J&M Landscape Design,,(908)232-1171,www.JMlandscapingconstruction.com,
17,,Yes,"Johnson Landscaping is a family business serving the local area since 1947. They specialize in residential landscape and design while using organic based lawn treatments. They are fully insured and offer free estimates for their services including planting, sodding, seeding, mulch, grading, drainage, snow plowing, pool design, pruning, stone and railroad tie retaining walls, etc.",Warren,163,,,"<div class=""boxheader"">
Johnson Landscaping
</div>
<div class=""box"">
Warren, NJ 07059<br>
(908)755-4835
</div>",Johnson Landscaping,NJ,(908)755-4835,,07059
18,"45 Mountain Blvd., Suite C-3",Yes,"JEI Learning Center offers a comprehensive curriculum of programmed workbooks, which makes it easy for children to learn and grow. JEI integrates unique teaching methods to make learning more effective and fun while providing students with a greater learning advantage. Programs include Math, English, Reading and Writing, as well as a more advanced program.",Warren,167,,,"<div class='boxheader'>
JEI - Warren Learning Center
</div>
<div class='box'>
45 Mountain Blvd., Suite C-3<br>
Warren, NJ 07059<br>
(908)791-1998<br>
<a href='http://www.jeilearning.com' target='_blank'>www.jeilearning.com</a><br>
Hours: Tue - Fri, 3pm - 7pm; Sat, 9am - 1pm
</div>",JEI - Warren Learning Center,NJ,(908)791-1998,,07059
19,100 Mountain Blvd. Ext. (A&P Shopping Center),Yes,"The New Fountain of Vitality Health Food Store, in Pheasant Run Shopping Center offers a complete selection of gluten-free foods, as well as organic produce and meats, diet supplements, and vitamins. The store sells bulk grains and foods, healthy snacks, drinks and cereals. If you're interested in learning more about healthy dietary choices, the staff can also provide guidance.",Warren,172,,,"<div class='boxheader'>
Fountain of Vitality
</div>
<div class='box'>
100 Mountain Blvd. Ext. (A&P Shopping Center)<br>
Warren, NJ 07059<br>
(732)469-0088<br>
<a href='http://www.newfountainofvitality.com' target='_blank'>www.newfountainofvitality.com</a><br>
Hours: Mon - Fri, 9am - 8pm; Sat, 9:30am - 6pm; Sun, 11am - 4pm
</div>",Fountain of Vitality,NJ,(732)469-0088,www.newfountainofvitality.com,07059
20,"21 Brookside Drive,",No,"Brookside Kennels of Warren Inc. is a kennel providing care for your pet on six acres in a semi-rural setting just off a quiet country road. Services include dog boarding, cat boarding, small pet boarding, dog walking, grooming, and airport pickup. There are indoor and outdoor play areas along with an environmentally controlled kennel with air conditioning and heating set to a comfortable temperature.",Warren,176,,,,Brookside Kennels of Warren Inc.,NJ,(732) 469-2633,www.brooksidekennel.net,07059
21,,Yes,"PetMinders , Inc., an alternative to a kennel, provides professional pet sitting, dog-walking, house-sitting, pet transportation services and dog-training instruction. Whether furry, finned or feathered, PetMinders, Inc. delivers premier in-home pet sitting services in the Somerset, Union, Middlesex and Morristown, New Jersey area. PetMinders, Inc. is bonded and insured.  They are a member of NAPPS, (National Association of Professional Pet Sitters), PSI, (Pet Sitters International), WBPA, (Warren Business and Professional Association) and the APDT, (Association of Pet Dog Trainers.)",,178,,,"<div class=""boxheader"">
PetMinders
</div>
<div class=""box"">
(908)755-7387, (888)711-7387<br>
<a href=""http://www.petmindersincnj.com"" target=""_blank"">www.petmindersincnj.com</a><br>
<a href=""mailto:petmindersinc@yahoo.com"" >petmindersinc@yahoo.com </a>
</div>",PetMinders,,(908)755-7387,www.petmindersincnj.com,
22,511 Courtyard Drive,No,"Digestive Healthcare Center is a group of physicians specialized in gastroenterology, the medical field dedicated to digestive health. Their goal is to prevent, diagnose, and treat digestive diseases using the latest medical knowledge and state-of-the-art techniques. They strive to meet each individual's special needs by providing the highest quality and the most cost-effective care in a warm, friendly, and professional environment.",Hillsborough,179,,,,Digestive Healthcare Center,NJ,(908)218-9222,www.dhccenter.com,08844
23,515 Church Street,Yes,"Gastromed Healthcare is a full service group practice specializing in the field of Gastroenterology, which is the management of diseases and disorders of the digestive system. They specialize in the treatment of various diseases including GERD (Gastroesophageal reflux disease), ulcer disease, diseases of the large intestine, diseases of the pancreas, liver disease, diseases of the gallbladder and diseases of the esophagus, stomach and small intestine. The staff is full of experts in all gastrointestinal procedures including colonoscopy, upper endoscopy, endoscopic retrograde cholangiopancreatography, esophageal motility, Bravo Ph testing, capsule enteroscopy and infrared photocoagulation of hemorrhoids.",Bound Brook,180,,,"<div class='boxheader'>
Gastromed Healthcare, P.A.
</div>
<div class='box'>
Bound Brook Office<br>
515 Church Street  <br>
Boundbrook, NJ 08805  <br>
Phone: (732)-356-0420  <br>
Fax: (732) 356-0521 <br>
<a href='http://www.gastromedhealthcare.com' target='_blank'>www.gastromedhealthcare.com</a>
</div>","Gastromed Healthcare, P.A.",NJ,(732)356-0420,www.gastromedhealthcare.com,08805
24,225 Jackson Street,No,"Medicor Cardiology is Central Jersey?s complete Cardiace Care Facility since 1977. Services include Echocardiography, Stress Testing/Nuclear Cardiology, Cardiac Catheterization/Interventional Cardiography, Arrhythmia Service, EECP, Peripheral Vascular, Anti-Coagulation (Coumadin) Clinic, and research. All physicians are board certified cardiologists, dedicated to providing each patient with the highest quality of cardiac health care.",Bridgewater,181,,,,"Medicor Cardiology , PA",NJ,(908)526-8668,www.medicor.com,08807
25,,Yes,"Binsky Home offers services including air conditioning, plumbing, heating, central air and more! Binsky Home is dedicated to making your home healthy and comfortable by providing the most energy-efficient and cost-effective heating, cooling and air quality products available. Whether you need immediate repairs, scheduled maintenance, or product replacement, Binsky Home has had the training and tools to get the job done right for over 70 years.",,183,,,"<div class=""boxheader"">
Binsky Home 
</div>
<div class=""box"">
281 Centennial Ave<br>
Piscataway Township, NJ 08854<br>
(732)369-0400<br>
<a href=""http://www.binskyhome.com"" target=""_blank"">www.binskyhome.com</a>
</div>",Binsky Home,,(732)369-0400,www.binskyhome.com,
27,,Yes,"Action Tree provides professional tree service to the majority of Somerset County including Warren, Watchung, Basking Ridge, Bernardsville, Martinsville and Bridgewater. Their tree and plant services include tree removals, tree pruning, stump grinding, mulch, deep root fertilization, plant pest control, and saw mill services. If you're looking for experience, quality and prompt service, call for a free estimate by their knowledgeable, certified and fully insured staff.",,192,,,"<div class=""boxheader"">
Action Tree Service
</div>
<div class=""box"">
(908)756-4100<br>
<a href=""http://www.actiontreeservice.com"" target=""_blank"">www.actiontreeservice.com</a>
</div>",Action Tree Service,,(908)756-4100,www.actiontreeservice.com,
28,,Yes,"Diaz Landscaping Design & Tree Service, LLC Inc. performs jobs for residential, commercial, and industrial properties. They specialize in tree removal, tree pruning, cabling, stump grinding, lot clearing, sprinkler systems, and all types of landscaping including planting, lawn work, and walkways. Their services are always prompt, professional, and friendly according to previous customers.",,193,,,"<div class=""boxheader"">
Diaz Landscape Design &amp; Tree Service
</div>
<div class=""box"">
(732)424-8111, (908)413-2769<br>
<a href=""http://www.diaztree.com"" target=""_blank"">www.diaztree.com</a>
</div>",Diaz Landscape Design & Tree Service,,(732)424-8111,www.diaztree.com,
30,7 Mt. Bethel Rd.,No,"Coldwell Banker Residential Brokerage offers exclusive marketing plans to help you achieve your home selling goals. With a logo like ?We Never Stop Moving,? the staff is always working so that your home doesn?t stay on the market for long. Their website, ColdwellBankerMoves.com, can help you search over 161,900 real estate listings for Sale in the Tri-State Area.",Warren,196,,,,Coldwell Banker Residential Brokerage,,(908)754-7511,www.coldwellbankermoves.com,07059
31,60 Mountain Boulevard,Yes,"Diane Belcuore works to provide her clients with the most positive real estate experience possible. She is certified by the NJ Community Builders Association as an advanced new home specialist (CSP) and also a nationally certified Realtor Green. Her depth knowledge and experience selling new homes in NJ, helps buyers make the best decisions about buying the right new home in the right location. She provides full term marketing and service to all her home sellers. This includes frequent high impact full color print advertising and instant Internet marketing on several global, national, and local web sites.",Warren,198,,,"<div class=""boxheader"">
Remax/Diane Belcuore
<br></div>
<div class=""box"">
60 Mountain Boulevard<br> Warren, NJ 07059<br>
Office:(908)754-1500 x131<br>
Cell:(908)872-5473<br>
<a href='http://www.dbelcuore.remax-nj.com' target='_blank'>www.dbelcuore.remax-nj.com</a>
</div>",Re/Max Premier Diane Belcuore,NJ,Office:(908)754-1500 x131,www.dbelcuore.remax-nj.com,07059
32,60 Mountain Boulevard,Yes,"Virginia & Frank Rea, with Re/Max Premier in Warren are market savvy sellers working as your local town experts in real estate. Together they have sold over $60 million in real estate sales. If you own real estate that you're thinking of selling, they would be happy to provide you with a free home evaluation.  They are ready to support You with their Marketing, Staging, Negotiating and Selling skills. Call today!",Warren,201,,,"<div class=""boxheader"">
Remax/The Rea Team Virginia &amp Frank Rea
<br></div>
<div class=""box"">
60 Mountain Boulevard<br>Warren, NJ 07059<br>
Office:(908)754-1500<br>
Virginia Cell:(732)809-6290<br>
Frank Cell:(908)872-6428<br>
<a href=""mailto:vrea@earthlink.net"">vrea@earthlink.net</a>, <a href=""mailto:frankrea1@earthlink.net"">frankrea1@earthlink.net</a><br>
<a href='http://www.virginiarea.com/' target='_blank'>www.virginiarea.com</a>
</div>",Re/Max Premier The Rea Team Virginia &amp Frank Rea,NJ,,,07059
33,60 Mountain Boulevard,Yes,"Robert Morgan works hard to provide his clients with the most positive real estate experience possible with state-of-the art web tools and marketing. Whether clients are buying or selling their primary residence, a second home, or relocating to a new neighborhood, Robert Morgan can help with your ownership needs.",Warren,202,,,"<div class=""boxheader"">
Remax/Robert Morgan
<br></div>
<div class=""box"">
60 Mountain Boulevard<br> Warren , NJ 07059<br>
Office:(908)754-1500, Cell:(973)650-3980<br>
<a href=""http://www.morganr.com"" target=""_blank"">www.morganr.com</a>
</div>",Re/Max Premier Robert Morgan,NJ,,,07059
34,177 Washington Valley Rd.,Yes,"A&G Italian Fine Foods has been bringing a special taste of Italy to Warren for over 40 years. Their shelves are stocked with extra virgin olive oils, a variety of meats and cheese, and many pasta shapes. Their bakery turns out rustic artesian breads and Delicious Focaccia traditional pastries like cannoli and sfogliatelle, homemade gelato and biscotti of all kinds. They also have a great selection of antipasti and fresh homemade mozzarella made daily, along with a fine selection of imported and domestic Italian cheese, salami, homemade Italian sausages and other specialty cut meats.",Warren,204,,,"<div class='boxheader'>A&G Italian Fine Foods</div>
<div>
177 Washington Valley Rd.<br>
Warren, NJ 07059<br>
(732)302-9700<br>
<a href='http://www.agfinefoods.com/node/38' target='_blank'>www.agfinefoods.com</a><br>
Hours: Mon - Sat: 9:00 am - 6:30 pm, Sun: 9:00 am - 2:30 pm
</div>",A&G Italian Fine Foods,NJ,(732)302-9700,www.AGFineFoods.com,07059
35,62A Mountain Blvd.,Yes,"Country Squire Family Restaurant has been serving Warren, NJ since 1974. They are open by 6am for breakfast, lunch and dinner to offer senior discounts, daily lunch and dinner specials. Country Squire has an on premises bakery where whole cakes can be ordered for a special occasion. Take out orders can also be made.",Warren,208,,,"<div class=""boxheader"">
Country Squire
</div>
<div class=""box"">
Kings Shopping Center<br>
62A Mountain Blvd.<br> Warren , NJ 07059<br>
(908)561-6764<br>
Hours: Sun-Sat, 6am-9pm
</div>",Country Squire,NJ,(908)561-6764,,07059
36,1462 South Ave.,No,"Giovanna's Restaurant in Plainfield has been serving up Northern Italian cuisine to loyal customers for almost 30 years. Giovanna's has a bar and lounge area, a room for private parties, and a main dining area for either walk in diners or a private party. Whether it's the fresh seafood or homemade salad dressing, customers keep coming back for many generations teaching their kids and their kid's kids that dining is done best at Giovanna's.",Plainfield,210,,,,Giovanna's,NJ,(908)753-6900,www.giovannasrestaurant.com,07062
37,169 Washington Valley Road,Yes,"Saly G's Mountaintop Grill is a family owned bar and restaurant open daily for lunch, dinner, and drinks. The restaurant features weekly specials, a full bar, and regularly scheduled live entertainment on Thursdays and Fridays. The menu includes Italian and American styles of soups, salads, wraps, grilled flat breads, seafood, pasta, poultry, steak and more.",Warren,214,,,"<div class=""boxheader"">
Saly G's Mountaintop Grill
</div>
<div class=""box"">
Pheasant Run Shopping Center<br>
169 Washington Valley Road<br> Warren , NJ 07059<br>
(732)667-7400<br>
<a href=""http://www.salygsrestaurant.com"" target=""_blank"">www.salygsrestaurant.com</a><br>
Hours: Mon - Wed: 11:00 am - 10:00 pm, <br>Thu: 11:00 am - 12:00 am, Fri - Sat: 11:00 am - 2:00 am, <br>Sun: 3:00 pm - 10:00 pm
</div>",Saly G's Mountaintop Grill,NJ,(732)667-7400,www.salygsrestaurant.com,07059
38,26 Mountain Boulevard,Yes,"Warren Deli & Grill has been around since the 1980s, and was recently revived by new owners, Dave Quinn and Miquel Cardenas. The deli offers specialty sandwich like the Long Horn (chopped steak with mozzarella cheese) or the Green Sandwich (grilled vegetables with peppers). Soups, salads, wraps, paninis and even fruit smoothies are on the menu. Delivery is available and you can call or fax in your lunch orders.",Warren,216,,,"<div class='boxheader'>Warren Deli & Grill</div>
<div class='box'>
26 Mountain Boulevard<br>
Warren , NJ 07059<br>
(908)412-9100<br>
<a href='http://www.warrendeli.com' target='_blank'>www.warrendeli.com</a><br>
Hours: Mon - Fri, 6am - 4pm; Sat, 8am - 4pm; Sun, closed.
</div>",Warren Deli & Grill,NJ,(908)412-9100,www.warrendeli.com,07059
39,,Yes,"If you've never been to one of their stores, get ready to shop from the largest in-stock selection of flooring in New Jersey. At Worldwide, you'll find thousands of styles of wood, carpet, area rugs, ceramic tile, natural stone, vinyl and laminates to choose from in endless styles, colors and textures - and all at wholesale prices! There's no store quite like Worldwide, especially one that's open to the public. Visit our New Jersey locations in Edison, Fairfield and Lawrenceville!",,223,,,"<div class='boxheader'>Worldwide Wholesale Floor Coverings </div><div class='box'>(888)WORLD40<br> Edison, NJ<br>(732)906-1400 <br> 1055 Rt. 1 South<br> Fairfield, NJ:<br> (973)227-0300<br> 410 Rt. 46 East<br> Lawrenceville, NJ<br>(609)530-9600<br> 2750 Bus. Rt. 1 North<br><a href='http://www.worldwidewholesale.com' target='_blank'>www.worldwidewholesale.com</a></div>",Worldwide Wholesale Floor Coverings,,,,
41,206 Sherman Ave.,No,"At Sublime Salon & Day Spa, their job is to make you feel special. From the moment you walk in you?ll feel the difference in our relaxed yet sophisticated atmosphere. They give you the attention you need and deserve without being rushed. After all, isn?t that why you go to a salon and spa?<br><br>
Stop in to recharge, reduce stress and relax. Just one visit will beckon you to return. At Sublime Salon & Day Spa you?ll experience a whole new world of personal luxury that?s second to none with World Class Service, Premiere Staff, Premium Packages and Soothing Ambiance.",Berkeley Heights,237,,,,Sublime Salon,NJ,(908)464-8422,www.sublimesalon.com,07922
42,9 Mount Bethel Road,Yes,"Uproot, a modern American restaurant and cocktail bar, presents Modern American cuisine, with a focus on bold flavors inspired by nature and prepared with expert craftsmanship. A sophisticated dining experience at Uproot can include soups, salads, gourmet entrï¿½es, house-made pasta, fish and steak. The restaurant offers a comfortable dining area and space for private parties.",Warren,245,,,"<div class='boxheader'>Uproot</div>
<div class='box'>
9 Mount Bethel Road <br>
Warren, NJ 07059<br>
(908)834-8194<br>
<a href='http://www.uprootrestaurant.com' target='_blank'>www.uprootrestaurant.com</a><br>
Hours:  Mon: 11:30 am - 9:00 pm, Tue - Fri: 11:30 am - 10:00 pm, <br>Sat: 5:00 pm - 10:00 pm
</div>",Uproot,NJ,(908) 834-8194,www.uprootrestaurant.com,07059
43,,Yes,,,261,,,"<div class='boxheader'>Wells Fargo</div>
<div class='box'>Richard Zangara, <br>
First Vice President-Branch Manager<Br>
160 Mount Bethel Road<br> Warren, NJ 07059<Br> 
(908) 542-0348      <br>1-800-631-5907<br>
<a href='http://www.richardzangara.wfadv.com' target='_blank'>www.richardzangara.wfadv.com</a><br>          
Email: <a href='mailto:Richard.zangara@wfadvisors.com'>Richard.zangara@wfadvisors.com</a>
</div>",Wells Fargo,,,,
45,1005 North Washington Ave.,No,"Their team of Board Certified physicians, nurses and technicians will care for you like a member of their family, the Medemerge family. Whether you are ill, injured or just need routine care, no appointment is ever necessary. Just walk in 365 days of the year from 8:00 a.m. to 10:00 p.m. daily, except Thanksgiving and Christmas when they are open from 8:00 a.m. to 4:00 p.m.",Green Brook,268,,,,Medemerge,NJ,(732)968-8900,www.medemerge.com,08812
46,Offices in Warren and Morristown,Yes,,,269,,MichaelZitoPhD@yahoo.com,"<div class='boxheader'>Michael D. Zito, PhD.</div>
<div class='box'>
Offices in Watchung and Morristown<br>
(908) 753-8696<br> 
<a href='mailto:MichaelZitoPhD@yahoo.com'>MichaelZitoPhD@yahoo.com</a>
</div>","Michael D. Zito, PhD.",,(908) 757-8890 x13,,
48,,Yes,Natural Dry Cleaners is a same day service dry cleaner located on Mountain Boulevard. (Must be dropped off by 10AM) They are stain removal specialists who use non-toxic methods to get your dry cleaning items back to top quality for a great price. All work is done on the premises and they provide shoe repair as well. Pick up and delivery services are available!,,276,,,"<div class='boxheader'>Natural Dry Cleaners</div>
<div class='box'>
45 Mountain Blvd.<br>
Warren, NJ 07059<br>
(908) 757 -0020<br>
Hours: Mon.- Friday 7:30 am ? 6:30 pm, <br>Sat. 8 am ? 4:30 pm, Closed on Sundays 
</div>",Natural Dry Cleaners,,,,
49,,Yes,"Sublime Salon and Day Spa is a full service salon with a comfortable environment for men and woman. Services include body treatments, therapeutic massage, spa facials & microdermabrasion, waxing, hair styling, hair color, keratin treatments, and nail care. Gift certificates are available as well as a full line of products, jewelry, and handbags.",,282,,,"<div class='boxheader'>Sublime Salon and Day Spa</div>
<div class='box'>
206 Sherman Ave.<br>
Berkeley Heights, NJ 07922<br>
(908)464-8422<br>
<a href='http://www.sublimesalon.com' target='_blank'>www.sublimesalon.com</a><br>
Hours: Tue: 9:00 am - 5:00 pm, Wed - Fri: 9:00 am - 8:00 pm, <br>Sat: 9:00 am - 5:00 pm
</div>",Sublime Salon and Day Spa,,,,
51,374 Springfield Avenue,No,,"Berkeley Heights,",285,,,,Electric Beach Tanning,NJ,(908) 508-9444,,07922
52,,Yes,,,294,,,"<div class='boxheader'>Douglas Meiner Custom Carpentry, LLC</div>
<div class='box'>
(908) 696-8069<br>
<a href='mailto:douglasmeinercustomcarpentry@gmail.com' target='_blank'>douglasmeinercustomcarpentry@gmail.com</a>
</div>","Douglas Meiner Custom Carpentry, LLC",,,,
53,50 Mt. Bethel Road,No,,Warren,298,,,,Prezzo Italian Restaurant,NJ,(908) 755-0032,,07059
54,Mountain Crest Mall (on Stirling Road),No,,"Warren,",303,,,,Mountain Fitness,NJ,(908) 561-3900,www.mountain-fitness.com,07059
55,730 Somerset Street,No,,Watchung,310,,,,Frank?s Barber & Styling Shop,NJ,(908) 755-0606,,07069
57,,Yes,,,313,,,"<div class='boxheader'>Giglio Interiors</a><br>
<div class='box'>
Monica Giglio<br>
(908) 295-3237<br>
<a href='mailto:design@gigliogarage.com' >design@gigliogarage.com</a><br>
<a href='http://www.gigliogarage.com' target='_blank'>www.gigliogarage.com</a>
</div>",Giglio Interiors,,,,
59,,Yes,,,316,,,"<div class='boxheader'>Kreations by Anne</div>
<div class='box'>
A Unique Boutique<br>
Flag Plaza<br>
50 Mt. Bethel Road<br>
Warren, NJ 07059<br>
(908) 755-2700<br>
<a href='http://www.KreationsByAnne.com' target='_blank'>www.KreationsByAnne.com</a>
</div>",Kreations by Anne,,,,
61,,Yes,,,318,,,"<div class='boxheader'><br />Antonio?s Restaurant and Pizzeria</div> 
<div class='box'>
The Mountain Crest Mall on Stirling Road<br>
10 Community Place<br>
Warren, NJ 07059<br> <br>
Order Online at <a href='http://www.Antoniosinwarren.com' target='_blank'>www.Antoniosinwarren.com</a><br> <br> 
Phone: (908) 668-1121<br>
Fax:   (908) 668-5335
</div>",Antonio's Restaurant and Pizzeria,,,,
62,,Yes,,,323,,,"<div class='boxheader'><br />Beverly Hills Studio</div>
<div class='box'>
1982 Washington Valley Road<br>
Martinsville, NJ 08836<br>
<br>
(732) 271-1919<br>
<a href='http://beverlyhillshair-studio.com/' target='_blank'>beverlyhillshair-studio.com/
</div>",Beverly Hills Studio,,,,
64,,Yes,,,327,,,"<div class='boxheader'><br />CAD Construction, LLC</div>
<div class='box'>
?Your Partner in Home Transformation?
<br><br>
<table>
<tr>
 <td>*Add-A-Levels&nbsp;&nbsp;&nbsp;</td><td>*Design Build</td>
</tr>
<tr>
 <td>*Additions&nbsp;&nbsp;&nbsp;</td><td>*Finished Basements</td>
</tr>
<tr>
 <td>*Custom Homes&nbsp;&nbsp;&nbsp;</td><td>*Master Suites</td>
</tr>
</table>
<br>
Call For Free Consultation<br>
(732) 713-8827<br>
<a href='http://www.CADConstructionServices.com' target='_blank'>www.CADConstructionServices.com</a>
</div>","CAD Construction, LLC",,,,
66,,Yes,,,332,,,"<div class='boxheader'><br />East West Security and Investigative Services
</div>
<div class='box'>
When You Need to Know the Truth?
 <br><br>
Call (908) 413-1870 or Email <a href='mailto:joemarino@ewsecure.org' target='_blank'>joemarino@ewsecure.org</a>
</div>",East West Security and Investigative Services,,,,
67,,Yes,,,350,,,"<div class='boxheader'>
Pita Grill & Creperie
</div>
<div class='box'>
66 Mountain Blvd. (Next to Kings)<br>
Warren, NJ 07059<br>
Phone: (908) 753-7482 
Fax: (908) 753-7480<br>
<a href='http://www.PitaGrillandCreperie.com' target='_blank'>www.PitaGrillandCreperie.com</a>
</div>",Pita Grill & Creperie,,,,
68,,Yes,,,354,,,"<div class='boxheader'>
Personally Yours Lingerie
</div>
<div class='box'>
315 Main Street<br>
Bedminster, NJ 07921<br>
(908) 234-1444<Br>
<a href='http://www.personallyyourslingerie.com' target='_blank'>www.personallyyourslingerie.com</a>
</div>",Personally Yours Lingerie,,,,
69,,Yes,,,389,,,"<div class='boxheader'>
EverBank/Libby Hontz
</div>
<div class='box'>
Senior Mortgage Loan Officer<br>
908.581.9554 <br>
<a href='mailto:libby.hontz@everbank.com'>libby.hontz@everbank.com</a><br>
NMLS ID: 602511
</div>",EverBank/Libby Hontz,,,,
71,645 Valley Rd.,No,,Gillette,410,,,,Ancona Bistro,NJ,(908) 647-5755,www.anconabistronj.com,07933
72,,Yes,,,415,,,"<div class='boxheader'>
Weichert/Sonia Brenner
</div>
<div class='box'>
55 Stirling Rd.<br>
Watchung, NJ 07069<br>
Office: (908) 561-5400<br>
Cell: (908) 405-5845<br>
<a href='http://www.soniabrenner.com' target='_blank'>www.soniabrenner.com</a>
</div>",Weichert/Sonia Brenner,,,,
73,635 Springfield Ave.,No,,Berkeley Heights,417,,,,Oporto BBQ,NJ,(908) 508-1234,,07922
74,24 Mountain Blvd.,No,,Warren,421,,,,B Beautiful Salon and Spa,NJ,(908) 753-0071,,07059
76,274 King George Rd.,No,,Warren,424,,,,The Chelsea at Warren,NJ,(908) 903-0911,www.chelseaseniorliving.com,07059
77,579 Springfield Ave.,No,,Berkeley Heights,425,,,,Hacienda Restaurant and Grille,NJ,(908) 665-8565,www.HaciendaMexicanandGrill.com,07922
78,,Yes,,,431,,,"<div class='boxheader'>
Sun Spray of New Jersey<br>
Organic, Mobile Spray Tanning
</div>
<div class='box'>
Jennifer D?Avella (908) 304-5686
</div>",Sun Spray of New Jersey,,,,
79,,Yes,,,433,,,"<div class='boxheader'>
See-More TV & Appliance Center
</div>
<div class='box'>
The ULTIMATE Professional Brand Appliance Store<br><br>
<table>
<tr>
  <td>551 Middlesex Ave.,<br> Route 27 * Metuchen   </td>
  <td width='12%'></td>
  <td>1320 South Ave. <br> Plainfield</td>
</tr>
<tr>
  <td>732-548-9191</td>
  <td></td>
  <td>908-312-3808</td>
</tr>
</table><br>
<a href='http://www.seemoreappliance.com' target='_blank'>www.seemoreappliance.com</a>
</div>",See-More TV & Appliance Center,,,,
80,,Yes,,,436,,,"<div class='boxheader'>
Penyak Roofing Co.
</div>
<div class='box'>
Phone: 908-753-4222<br>
Fax:   908-753-4763<br>
<div class='boxheader'>
<a href='http://www.penyakroofing.com' target='_blank'>www.penyakroofing.com</a>
</div>",Penyak Roofing Co.,,,,
82,,Yes,,,439,,,"<div class='boxheader'>
JAG Physical Therapy
</div><br>
<div class='box'>
Warren: 908-222-0515<br>
West Orange: 973-669-0078<br>	
Cedar Knoll:  973-998-8100<br>
Union:   908-206-1700<br>	
Hackensack:  201-880-5930<br>	
Woodbridge: 732-855-0380<br>
Princeton: 609-580-1520<br>	
New York City: 646-678-5995<br>
Fairfield: 862-702-3420
<br><br>
<a href='http://JAGPT.COM' target='_blank'>JAGPT.COM</a>
</div>",JAG Physical Therapy,,,,
83,1600 Martine Ave.,No,,Scotch Plains,442,,,,Union Catholic High School,NJ,908-889-1600,www.unioncatholic.org,07076
85,,Yes,,,476,,,"<div class='boxheader'>
Bar Cilento
</div>
<div class='box'>
37 Plainfield Road<br>
Stirling, NJ 07980
<br><Br>
(908) 647-2272<br>
<a href='http://www.barcilento.com' target='_blank'>www.barcilento.com</a>
</div>",Bar Cilento,,,,
86,,Yes,,,477,,,"<div class='boxheader'>
Hair Studio 101
</div>
<div class='box'>
101 Mt. Bethel Road<br>
Warren, NJ 07059<br>
<a href=""http://www.hairstudio101nj.com/"" target=""_blank"">http://www.hairstudio101nj.com/</a>
<br>
(908) 668-1001
</div>",Hair Studio 101,,,,
88,,Yes,,,490,,,"<div class='boxheader'>
TOMCO
</div>
<div class='box'>
Quality Work at a Fair Price!
<br><br>
Carpentry * Kitchens * Baths * Decks * Drywall * Moulding * Painting * Repairs * Windows * Doors
<br><br>
Warren, NJ 07059<br>
(908) 531-1937
</div>",TOMCO,,,,
89,,Yes,,,494,,,"<div class='boxheader'>
Empire Landscape Supplies
</div>
<div class='box'>
For All Your Masonry & Landscaping Needs
<br><br>
<a href='http://www.empiresupplies.net' target='_blank'>www.empiresupplies.net</a>
<br><br>

<table width='110%'>
  <tr>
  <td>
     Watchung<br>
     1696 Route 22 East<br>
     (908) 322-6078  
  <td>
      Plainfield<br>
      1232 North, Ave
  </td>     <td>                                              Orange<br>
324 Wasgington St.            <br>                                               (973) 673-0025     
  </td>
  </tr>
</table>
</div>",Empire Landscape Supplies,,,,
91,,Yes,,,496,,,"<div class='boxheader'>
Accents Dancewear
</div>
<div class='box'>
Berkeley Square<br>
258 Springfield Ave.<br>
Berkeley Heights, NJ 07922<br>
(908) 508-1860<br>
<a href=""http://Accentsdancewear.com"" target=""_blank"">Accentsdancewear.com</a>
</div>",Accents Dancewear,,,,
92,,Yes,,,498,,,"<div class='boxheader'>
Cafe Venezia
</div>
<div class='box'>
Ristorante Italiano<br>
1938 Washington Valley Rd.<br>
Martinsville, NJ 08836<br>
(732) 356-3500/(732) 356-0100<br>
<a href='http://Cafeveneziaofmartinsville.com' target='_blank'>Cafeveneziaofmartinsville.com</a>
</div>",Cafe Venezia,,,,
93,,Yes,,,499,,,"<div class='boxheader'>
Szechuan Delight Chinese Restaurant
</div>
<div class='box'>
598 Central Ave.<br>
New Providence, NJ 07974<br>
(908) 464-0100
</div>",Szechuan Delight Chinese Restaurant,,,,
94,,Yes,,,500,,,"<div class='boxheader'>
Caruso?s Automotive, Inc.
</div>
<div class='box'>
346 East Third Street<br>
Plainfield, NJ 07060<br>
(908) 757-1156<br>
<a href='http://carusosautomotive.com' target='_blank'>carusosautomotive.com</a>
</div>","Caruso?s Automotive, Inc.",,,,
95,,Yes,,,504,,,"<div class='boxheader'>
Urban Style Barber Shop
</div>
<div class='box'>
8 Community Place<br>
Warren, NJ 07059<br>
(908) 251-5155
</div>",Urban Style Barber Shop,,,,
96,,Yes,,,505,,,"<div class='boxheader'>
Mountain Crest Dry Cleaners
</div>
<div class='box'>
10C Community Place<br>
Warren, NJ 07059<br>
(908) 757-3033
</div>",Mountain Crest Dry Cleaners,,,,
97,6C Community Place,No,,Warren,506,,,"Prestigious Nails
6C Community Place
Warren, NJ 07059
(908) 668-1550",Prestigious Nails,NJ,(908) 668-1550,,07059
99,101 Mt. Bethel Road,No,,Warren,508,,,"Lotus Point Therapeutic Massage
101 Mt. Bethel Road
Warren, NJ 07059
(908) 279-7277
Lotuspointmassage.com",Lotus Point Therapeutic Massage,NJ,(908) 279-7277,Lotuspointmassage.com,07059
102,192 Route 22 West,No,"Commercial, Industrial & Investment Real Estate<br>
At Cyzner Properties, we use our experience, market intelligence, relationships, and professionalism to provide you with exceptional real estate locations. Have a look around our website, and browse our current available properties.",Green Brook,517,,,"Cyzner Properties
192 Route 22 West
Green Brook, NJ 08812
(732)805-9444
www.cyznerproperties.com",Cyzner Properties,NJ,(732)805-9444,www.cyznerproperties.com,08812
103,"Stacey A. Beer, General Manage",Yes,"Our Warren properties are located in the heart of downtown and consist of Arch Plaza, Arch Plaza West, Keystone Corner, and Town Center Drive. These leased spaces range in size from 500 to over 7,000 square feet, and every size in between. We will partner with you to choose the right space for your particular business needs.",Warren,518,,,"<div class='boxheader'>
Vicendese Family Properties
</div>
<div class='box'>
Stacey A. Beer, General Manager<br>
P.O. Box 4005<br>
Warren, NJ 07059<br>
(908) 755-2723<br>
<a href='http://www.vfproperties.com' target='_blank'>www.vfproperties.com</a>
</div>",Vicendese Family Properties,NJ,(908) 755-2723,www.vfproperties.com,07059
104,,Yes,Specializing in all types of foot and ankle problems. Call today for an appointment!,,519,,,"<div class='boxheader'>
  Ankle & Foot Specialist of New Jersey
</div>
<div class='box'>
Dr. Jyotsna Thapar<br>
2 Locations:
<table>
<tr>
<td>
62 Mountain Blvd. Ext. Suite 107
</td>
<td style=""padding-left:20px"">
908 Oak Tree Ave. Suite R
</td>
</tr>
<tr>
  <td>
     Warren, NJ 07059
  </td>
  <td style=""padding-left:20px"">
     South Plainfield, NJ 07080
  </td>
</tr>
<tr>
  <td colspan='2' style='text-align:center'>
   (908) 222-8980
  </td>
</tr> 
</table>
<a href='http://www.Ankle-FootSpecialist.com' target='_blank'>www.Ankle-FootSpecialist.com</a>
</div>",Ankle & Foot Specialist of New Jersey,,,,
106,,Yes,,,527,,,"<div class='boxheader'>
    <br />
  8 ?till When?
</div> 
<div class='box'>
   (formerly the Michael Craig Band)<br>
   A little bit o? everything<br>
   Music to put a smile on your face!<br>
   Weddings * Club Dates * Parties<br>
   <a href='mailto:MCM@8tillwhen.com'>MCM@8tillwhen.com</a>&nbsp;&nbsp;&nbsp;&nbsp;&nbsp;&nbsp;&nbsp;(908) 317-0301	
</div>",8 'till When?,,,,
108,,Yes,,,529,,,"<div class='boxheader'>
    <br />
 ACME Windows
</div> 
<div class='box'>
 Family Owned Business Since 1945<br>
 Your Complete Window Store!<br>
 36 Somerset Street<br>
 Plainfield, NJ 07060<Br>
 <a href='http://www.acmewindows.com' target=""_blank"">www.acmewindows.com</a>&nbsp;&nbsp;&nbsp;&nbsp;&nbsp;&nbsp;(908) 754-3300   
</div>",ACME Windows,,,,
110,,Yes,,,532,,,"<div class='boxheader'>
    <br />
Body Restoration
</div> 
<div class='box'>
a boutique fitness studio<br>
Pilates * Yoga <br>
Functional Fitness<br>
Integrated Movement Therapy<br>
Fascia Stretch Bodywork<br>
<br>
FREE Fitness Consultation & Evaluation<br>
<br>
10 Summit Ave. Suite 4<br>
Berkeley Heights, NJ 07922<br>
<a href='http://BodyRestoreNJ.com' target=""_blank"">BodyRestoreNJ.com</a>&nbsp;&nbsp;&nbsp;&nbsp;&nbsp;&nbsp;&nbsp;(908) 464-4644
</div>",Body Restoration,,,,
111,,Yes,,,537,,,"<div class='boxheader'>
    <br />
Lukas? Seafood & Grille
</div> 
<div class='box'>
Steak * Seafood * Salads<br>
Lunch * Dinner * Happy Hour<br>
Semi-Private & Private Parties Up To 100 People<br>
Take Out * On/Off Premise Catering<br>
<br>
61C Mountain Blvd.
Warren, NJ 07059<br>
<a href='http://lukasnj.com'>lukasnj.com</a>&nbsp;&nbsp;&nbsp;&nbsp;&nbsp;&nbsp;&nbsp;&nbsp;&nbsp;&nbsp;&nbsp;(908) 668-4888
</div>",Lukas? Seafood & Grille,,,,
112,,Yes,,,538,,,"<div class='boxheader'>
    <br />
Maria?s 
</div> 
<div class='box'>
Restaurant * Cafe * Pizzeria<br>
<br>
WE DELIVER!<br>
<br>
Catering for all Occasions<br>
Corporate Events, Private Parties & More<br>
<br>
381 Park Avenue<br>
Scotch Plains, NJ 07076<br>
<a href='http://www.mariasrestaurantpizza.com' target=""_blank"">www.mariasrestaurantpizza.com</a><br>
(908) 322-2322 or (908) 322-2323
</div>",Maria's,,,,
113,,Yes,We service all makes and models. Over 20 years of experience specializing in European cars. Detailing and Performance Tuning also available.,,545,,,"<div class='boxheader'>
Euro Performance
</div>
<div class='box'>
1909 Washington Valley Road<br>
Martinsville, NJ 08836<br>
(732) 667-5850<br>
<a href='http://www.europerformanceauto.com' target='_blank'>www.europerformanceauto.com</a>
</div>",Euro Performance,,,,
115,,Yes,,,559,,,"<div class='boxheader'>
4 Brothers Breakfast
</div> 
<div class='box'>
41 Mountain Blvd., Suite E1<br>
Warren, NJ 07059<br>
Phone: 908-834-8889 Fax: 908-834-8890<br>
<a href='http://www.4brothersbreakfasts.com' target='_blank'>www.4brothersbreakfasts.com</a>
<br><br>
Hours: Closed Mondays; Tuesday-Sunday 8am-3:30pm
</div>",4 Brothers Breakfast,,,,
116,,Yes,,,560,,,"<div class='boxheader'>Biagio?s</div>
<div>
Italian Gourmet Specialties<br>
239 Main Ave.<br>
Stirling, NJ 07980<br>
908-350-8064<br>
<a href='mailto://biagiothebaker@verizon.net' >biagiothebaker@verizon.net</a><br>
<a href='http://www.biagiosbakery.com' target='_blank'>www.biagiosbakery.com</a>
</div>",Biagio's,,,,
117,,Yes,,,561,,,"<div class='boxheader'>
Trattoria Biagio
</div>
<div class='box'>
239 Main Ave.<br>
Stirling, NJ 07080<br>
908-350-8064<br>
<a href='mailto:rikki_arale@hotmail.com' >rikki_arale@hotmail.com</a>
</div>",Trattoria Biagio,,,,
118,,Yes,,,562,,,"<div class='boxheader'>
The Center for Intrapersonal Wellness, LLC
</div>
<div class='box'>
10 Shawnee Professional Building<br>
10 Shawnee Drive, Suite B2<br>
Watchung, NJ 07069<br>
<br>
Call Irene Lebbad, MSW, LCSW<br>
908-963-7645
</div>","The Center for Intrapersonal Wellness, LLC",,,,
119,,Yes,,,566,,,"<div class='boxheader'>
The Tea Company Cafe
Gourmet Tea Retailer & Cafe
</div>
<div class='box'>
Boutique Style Shopping - Designer Brand<br>
Teaware, Gifts and Accessories<br>
<br><br>
710 Somerset Street<br>
Watchung, NJ 07069<br>
908-481-8327<br>
<a href='http://www.theteacompanycafe.com' target='_blank'>www.theteacompanycafe.com</a>
</div>",The Tea Company Cafe,,,,
122,,Yes,,,569,,,"<div class='boxheader'>
Time & Again Antiques and Auction Center
</div>
<div class='box'>
1416 East Linden Ave.<br>
Linden, NJ 07036<br>
908-862-0200<br>
<a href='http://www.timeandagaingalleries.com' target='_blank'>www.timeandagaingalleries.com</a>
</div>",Time & Again Antiques and Auction Center,,,,
123,,Yes,,,570,,,"<div class='boxheader'>
Turf? N Surf Burger Grill
</div>
<div class='box'>
?Home of the Inside Out Burgers?
<br><br>
51 Mt. Bethel Road<br>
Warren, NJ 07059<br>
732-667-7050<br>
<a href='http://www.turfnsurfburger.com' target='_blank'>www.turfnsurfburger.com</a>
</div>",Turf' N Surf Burger Grill,,,,
124,,Yes,,,571,,,"<div class='boxheader'>
Washington Rock Dance
</div>
<div class='box'>
10-G Community Place<br>
Warren, NJ 07059<br>
908-561-9699<br>
<a href='http://www.washingtonrockdance.com' target='_blank'>www.washingtonrockdance.com</a>
</div>",Washington Rock Dance,,,,
125,,Yes,,,572,,,"<div class='boxheader'>
VIP Parlour Coming Soon!!
</div>
<div class='box'>
Dinner and Live Music Friday and Saturday Nights<br>
Reservations Only&nbsp;&nbsp;&nbsp;&nbsp;&nbsp;BYOB
<br><br>
41 Mountain Blvd., Suite E2<br>
Warren, NJ 07059<br>
908-834-8393
</div>",VIP Parlour Coming Soon!!,,,,
129,,Yes,,,577,,,"<div class='boxheader'>
    All Children?s Theatre
</div>
<div class='box'>    
    Performing Arts Day Camp<BR>
    ?Where Every Child is a Star?
    <BR><BR>
    For further information, call All Children?s Theatre 973-335-5328
    <BR><BR>
    Download registration form at <a href='http://www.allchildrenstheatre.com' target='_blank'>www.allchildrenstheatre.com</a> 
</div>",All Children's Theatre,,,,
130,,Yes,,,578,,,"<div class='boxheader'>
    Berkshire Hathaway HomeServices
</div>
<div class='box'>    
    New Jersey Properties
    <br><br>
    Mark Schottenfeld, Sales Associate<br>
    665 Martinsville Road, #108<br>
    Basking Ridge, NJ 07920
    <br><br>
    Office: (908) 580-5000<br>
    Cell:	   (908) 421-1308
    <br><br>
    <a href='http://www.bhhsnj.com/Mark.Schottenfeld' target='_blank'>www.bhhsnj.com/Mark.Schottenfeld</a>
</div>",Berkshire Hathaway HomeServices,,,,
131,,Yes,,,579,,,"<div class='boxheader'>
    Bonji Bowls    
</div>
<div class='box'>
    Happiness is Healthy<br><br>
    Juices * Smoothies * Acai/Pitaya/Banana Bowls
    <br><br>
    977 Valley Road<br>
    Gillette, NJ 07933
    <br><br>
    <a href='http://BONJIBOWLS.COM' target='_blank'>BONJIBOWLS.COM</a>
</div>",Bonji Bowls,,,,
135,,Yes,,,583,,,"<div class='boxheader'>
    Dean?s Greens
</div>
<div class='box'>
    Lawn Maintenance * Patios * Retaining Walls * Landscape Design * Sidewalks * Irrigation Systems * Full Service Florist
    <br><br>
    295 Snyder Ave.<br>
    Berkeley Heights, NJ 07922 <br>
    (908) 464-2003<br>
</div>",Dean?s Greens,,,,
138,,Yes,,,586,,,"<div class='boxheader'>
    Sonobelle Calligraphy
</div>
<div class='box'>
    Specializing in Custom Designed, Hand-Crafted Lettering Needs
    <br><br>
    Perfect for wedding invites, parties, showers, Bar and Bat Mitzvah?s, place cards, name tags and any other custom needs!
    <br><br>
    Call today! <br>
    (908) 255-2423
    <br><br>
    <a href='http://sonobellecalligraphy.com' target='_blank'>sonobellecalligraphy.com</a>	<br>
    <a href='mailto:crabbyburton@gmail.com'>crabbyburton@gmail.com</a>
</div>",Sonobelle Calligraphy,,,,
140,,Yes,,,588,,,"<div class='boxheader'>
    Galbraith Landscape Construction
</div>
<div class='box'>
    Trees & shrubs, sod & seed new lawns, brick paver work, rock gardens, water features, drainage work, excavation, landscape consultation, irrigation systems, tree work
    <br><br>
    Galbraith, a name you can trust?<br>
    (908) 322-9617
    <br><br>
    <a href='http://galbraithlandscapeconstruction.com' target='_blank'>galbraithlandscapeconstruction.com</a> 
</div>",Galbraith Landscape Construction,,,,
142,,Yes,,,590,,,"<div class='boxheader'>
    Giovanni?s
</div>
<div class='box'>    
    Bistro, Bar and Catering<br>
    New American and Fine Italian Cuisine
    <br><br>
    Casual Fine Dining * Private Parties * Off-Premise Catering
    <br><br>
    449 Springfield Ave.<br>
    Berkeley Heights, NJ 07922<br>
    (908) 464-6644
    <br><br>
    <a href='http://www.giovannisbistrobar.com' target='_blank'>www.giovannisbistrobar.com</a>     
</div>",Giovanni's,,,,
143,,Yes,,,591,,,"<div class='boxheader'>
    Goodman?s Restaurant & Deli
</div>
<div class='box'>    
    New York-style deli and diner offering dine-in, take-out, delivery and catering. Entering their 75th year in business, they are known as the premier Jewish Deli in Union County!
    <br><br>
    400 Springfield Ave.<br>
    Berkeley Heights, NJ 07922<br>
    (908) 898-0900<br>
    <br>
    <a href='http://goodmansdeli.net' target='_blank'>goodmansdeli.net</a>
</div>",Goodman's Restaurant & Deli,,,,
144,,Yes,,,593,,,"<div class='boxheader'>
    Pup Purri Martinsville
</div>
<div class='box'>        
    Your Personal Pet Stylist<br>
    Pet Sitting, Pick-Up & Delivery
    <br><br>
    1987 Washington Valley Rd.<br>
    Martinsville, NJ 08836<br>
    (732) 968-2747
    <br><br>
    <a href='http://www.pup-purri.com' target='_blank'>www.pup-purri.com</a> 
</div>",Pup Purri Martinsville,,,,
145,,Yes,,,594,,,"<div class='boxheader'>
    S&M Carpet
</div>
<div class='box'>        
    Residential * Commercial
    <br><br>
    Carpeting, Hardwood Floors, Area Rugs, Laminate Flooring, Indoor/Outdoor Carpet, Vinyl Tiles, Linoleum Flooring
    <br><br>
    Visit the Showroom OR Shop at Home!
    <br><br>
    104 Wood Ave.<br>
    Middlesex, NJ 08846<br>
    (732) 356-7661
    <br><br>
    <a href='http://SANDMCARPETNJ.COM' target='_blank'>SANDMCARPETNJ.COM</a>  
</div>",S&M Carpet,,,,
147,,Yes,,,596,,,"<div class='boxheader'>
    Thrive Experience 2.0
</div>
<div class='box'>        
    8-week premium lifestyle plan to help individuals experience and reach peak physical and mental levels. Live, look and fell Ultra Premium like never before!
    <br><br>
    CALL TODAY!<br>
    Kellie Bogda, Independent Brand Promoter<br>
    (848) 203-9517
    <br><br>
    <a href='mailto:kbog68@gmail.com'>kbog68@gmail.com</a><br>		
    <a href='http://www.kelliebogda.thrive2point0.com' target='_blank'>www.kelliebogda.thrive2point0.com</a>
</div>",Thrive Experience 2.0,,,,
149,,Yes,,,598,,,"<div class='boxheader'>
    The Vested Interest
</div>
<div class='box'>            
    A Women?s Consignment Boutique
    <br><br>
    186 Mt. Bethel Rd.<br>
    Warren, NJ 07059<br>
    (908) 647-7336
    <br><br>
    <a href='http://www.thevestedinterest.com ' target='_blank'>www.thevestedinterest.com</a> 
</div>",The Vested Interest,,,,
153,,Yes,,,603,,,"<div class='boxheader'>
    Eida Dresses
</div> 
<div class='box'>
    51 Mount Bethel Road<br>
    Warren, NJ 07059
    <br><br>
    European Evening Gowns * Semi-Formal Wear * Accessories
    <br><br>
    908.516.0816
    <br><br>
    <a href='http://www.eidadresses.com' target='_blank'>www.eidadresses.com</a>
</div>",Eida Dresses,,,,
156,,Yes,,,606,,,"<div class='boxheader'>
     JPM Communications
</div> 
<div class='box'>
        SAT, ACT, and PSAT coaching, assistance is also available for college application essays, writing for school and for pleasure, and almost anyplace else the written word has an impact:
        <br><br>
        - Freelance Copywriting and Content Development
        <br><br>
        - Ghostwriting for all types of manuscripts
        <br><br>
        - Assistance with r&eacute;sum&eacute;s and cover letters
        <br><br>
        - Self-publishing guidance 
        <br><br>
        Email <a href='mailto:jpmwriters@yahoo.com'>jpmwriters@yahoo.com</a> or<br>
        Call Erik at 908.514.0806
        <br><br>
        <a href='http://jpmcommunicationsonline.com' target='_blank'>jpmcommunicationsonline.com</a>
</div>",JPM Communications,,,,
157,,Yes,,,607,,,"<div class='boxheader'>
        La Bella Vita Wellness Relaxation Center
</div> 
<div class='box'>
        119 Route 22 East<br>
        Green Brook, NJ 08812
        <br><br>
        ? Cryo WB Therapy/Local/Facial<br>
        ? Infrared Sauna Pods<br>
        ? Light Therapy<br>
        ? Oxygen/Aromatherapy Station<br>
        ? Ionic Food Detox Bath<br>
        ? Floatation Pod<br>
        ? Perk Facial System<br>
        * Lymphatic Drainage Suite<br> 
        ? Infrared Slim Body Wrap<br>
        ? Hydro Steam Pod <br>
        <br><br>
        Call Today for Your Appointment<br>
        732.200.5648
        <br><br>
        <a href='http://www.labellavitawellnessrelaxationcenter.com' target=""_blank"">www.labellavitawellnessrelaxationcenter.com</a>
</div>",La Bella Vita Wellness Relaxation Center,,,,
159,,Yes,,,609,,,"<div class='boxheader'>
        The Psychic Experience
</div> 
<div class='box'>
        Family Owned and Operated for Over 25 Years
        <br><br>
        Get Your Questions Answered!<br>
        Receive the Guidance You Need!
        <br><br>
        Love and Relationships * Money and Finance * Career/Work <br>
        Alternative Therapy * Life Coaching
        <br><br>
        Call Today 732.744.4834
        <br><br>
        <a href='http://www.readingsbyedith.com' target=""_blank"">www.readingsbyedith.com</a>
        <br><a href='mailto:readingsbyedith@gmail.com'>readingsbyedith@gmail.com</a>
    </div>",The Psychic Experience,,,,
162,,Yes,,,612,,,"<div class='boxheader'>
        The Eye Care and Surgery Center
</div> 
<div class='box'><br>
        The Eye Care and Surgery Center was established to offer North and Central New Jersey eye care patients the most comprehensive and advanced eye health and vision care available today. Our multiple locations in Warren, Westfield, and Iselin are staffed by Fellowship-trained subspecialists. Our eye physicians and surgeons assisted by an experienced technical staff, each one a Certified Ophthalmic Assistant or Technician, accredited by the Joint Commission on Allied Health Personnel in Ophthalmology. Our goal is to offer superior quality eye care with an emphasis on your convenience and comfort.
        <br><br>
        Call Today for Your Appointment!<br>
        800.504.1083
        <br><br>        
        <a href='http://www.newjerseyvision.com' target=""_blank"">www.newjerseyvision.com</a>
    </div>",The Eye Care and Surgery Center,,,,
